	index	sentence	origin	lang
0	0	"It has title of ""Raining Soochow"""	104	en
1	1	"It has title of ""Glow In the Dark"""	106	en
2	5	and a family (in the background)	131	en
3	6	It has title of Goldfishes	131	en
4	7	It has title of Tetrahedral shadow and rockery	132	en
5	8	It has title of Scene in a Circle in a Circle	135	en
6	9	It has title of A streetlamp in SIP	137	en
7	10	It has title of The classic Soochow-style brunch	138	en
8	11	It has tags of chenyang, suzhou, jiangsu, peoplesrepublicofchina	349	en
9	12	It has tags of suzhou, jiangsu, peoplesrepublicofchina, chenyang	350	en
10	13	The Canglang Pavilion (沧浪亭), variously translated as the Great Wave Pavilion, Surging Wave Pavilion, or Blue Wave Pavilion, is one of the Classical Gardens of Suzhou that are jointly recognized as a UNESCO World Heritage Site	361	en
11	14	It is located at 3 Canglangting Street in Suzhou, Jiangsu province, China	361	en
12	16	The Master of the Nets Garden (Chinese: 网师园) in Suzhou is among the finest gardens in China	363	en
13	17	It is recognized with other classical Suzhou gardens as a UNESCO World Heritage Site	363	en
14	18	The garden demonstrates Chinese garden designers' adept skills for synthesizing art, nature, and architecture to create unique metaphysical masterpieces	363	en
15	19	The Master of the Nets is particularly regarded among garden connoisseurs for its mastering the techniques of relative dimension, contrast, foil, sequence and depth, and borrowed scenery	363	en
16	21	It has title of Master of the Nets Garden 网师园	363	en
17	22	The Master of the Nets Garden (Chinese: 网师园) in Suzhou is among the finest gardens in China	364	en
18	23	It is recognized with other classical Suzhou gardens as a UNESCO World Heritage Site	364	en
19	24	The garden demonstrates Chinese garden designers' adept skills for synthesizing art, nature, and architecture to create unique metaphysical masterpieces	364	en
20	25	The Master of the Nets is particularly regarded among garden connoisseurs for its mastering the techniques of relative dimension, contrast, foil, sequence and depth, and borrowed scenery	364	en
21	27	It has title of Master of the Nets Garden 网师园	364	en
22	28	The Canglang Pavilion (沧浪亭), variously translated as the Great Wave Pavilion, Surging Wave Pavilion, or Blue Wave Pavilion, is one of the Classical Gardens of Suzhou that are jointly recognized as a UNESCO World Heritage Site	370	en
23	29	It is located at 3 Canglangting Street in Suzhou, Jiangsu province, China	370	en
24	31	With the Lunar New Year of the Ox incoming in less than a month, it is a good time to slow down our thoughts and give ourselves a brief moment for reflection.	395	en
25	32	It has title of A moment of reflection	395	en
26	33	It has tags of asian, people, b, street, asia, reflection, sepia, water, w, city, administrators, december, bw, mono, garden, humble, chinese, peoples, monochrome, suzhou, photography, republic, black, china, prc, white, jiangsu, peoplesrepublicofchina	395	en
27	34	Suzhou, with its many canals and bridges, is often nicknamed the .Venice of the East	397	en
28	35	(although many other cities often also claim this title as well)	397	en
29	36	Being very close to Shanghai has allowed it to become of the fastest growing cities in Mainland China	397	en
30	37	It is also a popular tourist destination with its many UNESCO sites and attractions, such as this one near Tiger Hill.	397	en
31	38	It has title of Reflections of Suzhou	397	en
32	39	It has tags of jiangsu, december, building, asia, east, water, city, venice, photography, hill, province, landscape, canal, chinese, peoples, suzhou, river, tiger, house, shanghai, asian, republic, prc, china, peoplesrepublicofchina	397	en
33	40	It has tags of wpdpeople	399	en
34	41	The Humble Administrator's Garden in Suzhou is one of four Chinese gardens in Suzhou that have attained UNESCO World Heritage Site status, and the most famous and visited among them	502	en
35	42	Its beautiful gardens and huge size makes it a good place to walk an afternoon stroll.	502	en
36	43	It has title of Reflections at The Humble Administrator's Garden	502	en
37	44	It has tags of december, asia, reflection, city, administrators, garden, humble, chinese, peoples, suzhou, water, photography, asian, republic, prc, china, jiangsu, peoplesrepublicofchina	502	en
38	45	The best time to take a stroll would be in autumn time, when the weather is cool and not humid, and the leaves are starting to turn red or orange and shredding before winter sets in.	503	en
39	46	It has title of The colours of Autumn	503	en
40	47	It has tags of jiangsu, december, landscape, asia, tiger, water, autumn, city, venice, building, hill, province, house, east, canal, chinese, peoples, shanghai, suzhou, river, photography, asian, republic, prc, china, peoplesrepublicofchina	503	en
41	48	A moon gate is a traditional architectural element in Chinese gardens	504	en
42	49	These circular openings represent symbolically the heaven and perfection in Chinese culture	504	en
43	50	This moon gate leads to a courtyard in the Lion Grove Garden, one of the classical gardens in Suzhou.	504	en
44	51	It has title of China, Suzhou - Through a moon gate - July 2010	504	en
45	52	It has tags of china, suzhou, moon, gate, garden, boy, fan, round, traditional, circular, opening, wall, passageway, architecture, architectural, young, door, shui, feng, lion, grove, forest	504	en
46	53	It has title of Suzhou, Soochow University	523	en
47	54	It has title of In Suzhou	529	en
48	55	It has tags of suzhou, china, street, jiangsu, peoplesrepublicofchina	550	en
49	56	Architect - I.M	613	en
50	57	It has title of Suzhou Museum main hall ceiling	613	en
51	58	It has tags of museum, geometry, symmetry, impei, china, suzhou, modernist, ceiling	613	en
52	59	It has tags of china, classicalgardens, garden, jiangsu, lingering, li, suzhou, unescoworldheritage, peoplesrepublicofchina	614	en
53	60	It has tags of mirror, mind, art, shouzuo, china, streetphoto, bw, iphonex	621	en
54	61	Suzhou, with its many canals and bridges, is often nicknamed the .Venice of the East	632	en
55	62	(although many other cities often also claim this title as well)	632	en
56	63	Being very close to Shanghai has allowed it to become of the fastest growing cities in Mainland China	632	en
57	64	It is also a popular tourist destination with its many UNESCO sites and attractions, such as this one near Tiger Hill.	632	en
58	65	It has title of The many canals of Suzhou	632	en
59	66	It has tags of jiangsu, december, building, asia, east, water, city, venice, photography, hill, province, landscape, canal, chinese, peoples, suzhou, river, tiger, house, shanghai, asian, republic, prc, china, peoplesrepublicofchina	632	en
60	67	The modern Chinese woman is one that is confident with herself and able to blend into the modern era with ease, yet able to still dress in style like the well known Shanghai beauties of the 1930s.	641	en
61	68	It has title of The modern Chinese woman	641	en
62	69	It has tags of jiangsu, december, asia, east, street, people, city, beauty, lady, modern, shanghai, chinese, peoples, confident, suzhou, woman, photography, asian, republic, prc, china, peoplesrepublicofchina, beautiful, mainland	641	en
63	70	It has tags of china, classicalgardens, garden, jiangsu, liongrove, sh, suzhou, unescoworldheritage, peoplesrepublicofchina	646	en
64	71	It has tags of china, classicalgardens, garden, jiangsu, liongrove, sh, suzhou, unescoworldheritage, peoplesrepublicofchina	647	en
65	72	It has tags of china, classicalgardens, garden, jiangsu, liongrove, sh, suzhou, unescoworldheritage, peoplesrepublicofchina	648	en
66	73	It has tags of china, classicalgardens, garden, jiangsu, liongrove, sh, suzhou, unescoworldheritage, peoplesrepublicofchina	649	en
67	74	It has tags of china, classicalgardens, garden, jiangsu, liongrove, sh, suzhou, unescoworldheritage, peoplesrepublicofchina	650	en
68	75	It has tags of china, classicalgardens, garden, jiangsu, masterofthenets, suzhou, unescoworldheritage, w, peoplesrepublicofchina	651	en
69	76	It has tags of china, classicalgardens, garden, jiangsu, lingering, li, suzhou, unescoworldheritage, peoplesrepublicofchina	653	en
70	77	It has tags of china, classicalgardens, garden, jiangsu, liongrove, sh, suzhou, unescoworldheritage, peoplesrepublicofchina	654	en
71	78	It has tags of canglang, china, classicalgardens, c, garden, greatwave, jiangsu, pavilion, suzhou, unescoworldheritage, peoplesrepublicofchina	655	en
72	79	It has tags of china, classicalgardens, garden, jiangsu, liongrove, sh, suzhou, unescoworldheritage, peoplesrepublicofchina	656	en
73	80	It has tags of china, classicalgardens, garden, jiangsu, masterofthenets, suzhou, unescoworldheritage, w, peoplesrepublicofchina	657	en
74	81	It has tags of administrator, china, classicalgardens, garden, humble, jiangsu, suzhou, unescoworldheritage, zhu, suzhoushi, jiangsusheng	658	en
75	82	It has tags of china, classicalgardens, garden, jiangsu, suzhou, unescoworldheritage, peoplesrepublicofchina	659	en
76	83	It has tags of administrator, china, classicalgardens, garden, humble, jiangsu, suzhou, unescoworldheritage, zhu, suzhoushi, jiangsusheng	660	en
77	84	It has tags of china, classicalgardens, garden, jiangsu, lingering, li, suzhou, unescoworldheritage, peoplesrepublicofchina	677	en
78	85	It has tags of china, classicalgardens, garden, jiangsu, lingering, li, suzhou, unescoworldheritage, peoplesrepublicofchina	678	en
79	86	It has tags of china, classicalgardens, garden, jiangsu, lingering, li, suzhou, unescoworldheritage, peoplesrepublicofchina	679	en
80	87	It has tags of china, classicalgardens, garden, jiangsu, lingering, li, suzhou, unescoworldheritage, peoplesrepublicofchina	680	en
81	88	It has tags of china, classicalgardens, garden, jiangsu, lingering, li, suzhou, unescoworldheritage, peoplesrepublicofchina	681	en
82	89	It has tags of china, classicalgardens, garden, jiangsu, lingering, li, suzhou, unescoworldheritage, peoplesrepublicofchina	682	en
83	90	It has tags of china, classicalgardens, garden, jiangsu, lingering, li, suzhou, unescoworldheritage, peoplesrepublicofchina	683	en
84	91	It has tags of china, classicalgardens, garden, jiangsu, lingering, li, suzhou, unescoworldheritage, peoplesrepublicofchina	684	en
85	92	It has tags of china, classicalgardens, garden, jiangsu, lingering, li, suzhou, unescoworldheritage, peoplesrepublicofchina	685	en
86	93	It has tags of china, classicalgardens, garden, jiangsu, lingering, li, suzhou, unescoworldheritage, peoplesrepublicofchina	686	en
87	94	It has tags of china, classicalgardens, garden, jiangsu, lingering, li, suzhou, unescoworldheritage, peoplesrepublicofchina	687	en
88	95	It has tags of china, classicalgardens, garden, jiangsu, lingering, li, suzhou, unescoworldheritage, peoplesrepublicofchina	688	en
89	96	It has tags of china, jiangsu, pingjiang, suzhou, peoplesrepublicofchina	689	en
90	97	It has tags of china, jiangsu, pingjiang, suzhou, peoplesrepublicofchina	692	en
91	98	It has tags of china, jiangsu, pingjiang, suzhou, peoplesrepublicofchina	695	en
92	99	It has tags of china, jiangsu, pingjiang, suzhou, peoplesrepublicofchina	696	en
93	100	It has tags of china, jiangsu, pingjiang, suzhou, peoplesrepublicofchina	698	en
94	101	It has tags of china, jiangsu, pingjiang, suzhou, peoplesrepublicofchina	700	en
95	102	It has tags of china, classicalgardens, garden, jiangsu, lingering, li, suzhou, unescoworldheritage, peoplesrepublicofchina	701	en
96	103	It has tags of china, jiangsu, pingjiang, suzhou, peoplesrepublicofchina	703	en
97	104	It has tags of china, jiangsu, pingjiang, suzhou, peoplesrepublicofchina	705	en
98	105	It has tags of china, classicalgardens, garden, jiangsu, lingering, li, suzhou, unescoworldheritage, peoplesrepublicofchina	711	en
99	106	It has tags of china, classicalgardens, garden, jiangsu, lingering, li, suzhou, unescoworldheritage, peoplesrepublicofchina	712	en
100	107	It has tags of china, classicalgardens, garden, jiangsu, lingering, li, suzhou, unescoworldheritage, peoplesrepublicofchina	713	en
101	108	It has tags of china, classicalgardens, garden, jiangsu, lingering, li, suzhou, unescoworldheritage, peoplesrepublicofchina	714	en
102	109	It has tags of china, classicalgardens, garden, jiangsu, lingering, li, suzhou, unescoworldheritage, peoplesrepublicofchina	715	en
103	110	It has tags of administrator, china, classicalgardens, garden, humble, jiangsu, suzhou, unescoworldheritage, zhu, suzhoushi, jiangsusheng	716	en
104	111	It has tags of china, garden, jiangsu, keyuan, suzhou, peoplesrepublicofchina	717	en
105	112	It has tags of china, garden, humbleadministratorgarden, jiangsu, museum, suzhou, unescoworldheritage, suzhoushi, jiangsusheng	718	en
106	113	It has tags of china, jiangsu, museum, suzhou, unescoworldheritage, suzhoushi, jiangsusheng	719	en
107	114	It has tags of china, jiangsu, museum, suzhou, unescoworldheritage, suzhoushi, jiangsusheng	720	en
108	115	It has tags of china, garden, humbleadministratorgarden, jiangsu, museum, suzhou, unescoworldheritage, suzhoushi, jiangsusheng	721	en
109	116	It has tags of china, garden, humbleadministratorgarden, jiangsu, museum, suzhou, unescoworldheritage, suzhoushi, jiangsusheng	722	en
110	117	It has tags of china, jiangsu, museum, suzhou, unescoworldheritage, suzhoushi, jiangsusheng	723	en
111	118	It has tags of china, jiangsu, museum, suzhou, unescoworldheritage, suzhoushi, jiangsusheng	724	en
112	119	It has tags of china, jiangsu, museum, suzhou, unescoworldheritage, suzhoushi, jiangsusheng	725	en
113	120	It has tags of china, jiangsu, museum, suzhou, unescoworldheritage, suzhoushi, jiangsusheng	726	en
114	121	It has tags of china, jiangsu, museum, suzhou, unescoworldheritage, suzhoushi, jiangsusheng	727	en
115	122	It has tags of canglang, china, classicalgardens, c, garden, greatwave, jiangsu, pavilion, suzhou, unescoworldheritage, peoplesrepublicofchina	728	en
116	123	It has tags of china, classicalgardens, garden, jiangsu, liongrove, sh, suzhou, unescoworldheritage, peoplesrepublicofchina	729	en
117	124	It has tags of canglang, china, classicalgardens, c, garden, greatwave, jiangsu, pavilion, suzhou, unescoworldheritage, peoplesrepublicofchina	730	en
118	125	It has tags of canglang, china, classicalgardens, c, garden, greatwave, jiangsu, pavilion, suzhou, unescoworldheritage, peoplesrepublicofchina	731	en
119	126	It has tags of canglang, china, classicalgardens, c, garden, greatwave, jiangsu, pavilion, suzhou, unescoworldheritage, peoplesrepublicofchina	732	en
120	127	It has tags of canglang, china, classicalgardens, c, garden, greatwave, jiangsu, pavilion, suzhou, unescoworldheritage, peoplesrepublicofchina	733	en
121	128	It has tags of canglang, china, classicalgardens, c, garden, greatwave, jiangsu, pavilion, suzhou, unescoworldheritage, peoplesrepublicofchina	734	en
122	129	It has tags of canglang, china, classicalgardens, c, garden, greatwave, jiangsu, pavilion, suzhou, unescoworldheritage, peoplesrepublicofchina	735	en
123	130	It has tags of canglang, china, classicalgardens, c, garden, greatwave, jiangsu, pavilion, suzhou, unescoworldheritage, peoplesrepublicofchina	736	en
124	131	It has tags of canglang, china, classicalgardens, c, garden, greatwave, jiangsu, pavilion, suzhou, unescoworldheritage, peoplesrepublicofchina	737	en
125	132	It has tags of canglang, china, classicalgardens, c, garden, greatwave, jiangsu, pavilion, suzhou, unescoworldheritage, peoplesrepublicofchina	738	en
126	133	It has tags of china, classicalgardens, garden, jiangsu, lingering, li, suzhou, unescoworldheritage, peoplesrepublicofchina	754	en
127	134	It has tags of administrator, china, classicalgardens, garden, humble, jiangsu, suzhou, unescoworldheritage, zhu, suzhoushi, jiangsusheng	755	en
128	135	It has tags of administrator, china, classicalgardens, garden, humble, jiangsu, suzhou, unescoworldheritage, zhu, suzhoushi, jiangsusheng	756	en
129	136	It has tags of administrator, china, classicalgardens, garden, humble, jiangsu, suzhou, unescoworldheritage, zhu, suzhoushi, jiangsusheng	757	en
130	137	It has tags of administrator, china, classicalgardens, garden, humble, jiangsu, suzhou, unescoworldheritage, zhu, suzhoushi, jiangsusheng	758	en
131	138	It has tags of administrator, china, classicalgardens, garden, humble, jiangsu, suzhou, unescoworldheritage, zhu, suzhoushi, jiangsusheng	759	en
132	139	It has tags of administrator, china, classicalgardens, garden, humble, jiangsu, suzhou, unescoworldheritage, zhu, suzhoushi, jiangsusheng	760	en
133	140	It has tags of administrator, china, classicalgardens, garden, humble, jiangsu, suzhou, unescoworldheritage, zhu, suzhoushi, jiangsusheng	762	en
134	141	It has tags of administrator, china, classicalgardens, garden, humble, jiangsu, suzhou, unescoworldheritage, zhu, suzhoushi, jiangsusheng	763	en
135	142	It has tags of administrator, china, classicalgardens, garden, humble, jiangsu, suzhou, unescoworldheritage, zhu, suzhoushi, jiangsusheng	764	en
136	143	It has tags of administrator, china, classicalgardens, garden, humble, jiangsu, suzhou, unescoworldheritage, zhu, suzhoushi, jiangsusheng	765	en
137	144	It has tags of administrator, china, classicalgardens, garden, humble, jiangsu, suzhou, unescoworldheritage, zhu, suzhoushi, jiangsusheng	766	en
138	145	It has tags of administrator, china, classicalgardens, garden, humble, jiangsu, suzhou, unescoworldheritage, zhu, suzhoushi, jiangsusheng	767	en
139	146	It has tags of administrator, china, classicalgardens, garden, humble, jiangsu, suzhou, unescoworldheritage, zhu, suzhoushi, jiangsusheng	768	en
140	147	It has tags of china, jiangsu, pingjiang, suzhou, peoplesrepublicofchina	770	en
141	148	It has tags of china, classicalgardens, garden, jiangsu, liongrove, sh, suzhou, unescoworldheritage, peoplesrepublicofchina	771	en
142	149	It has tags of china, classicalgardens, garden, jiangsu, liongrove, sh, suzhou, unescoworldheritage, peoplesrepublicofchina	772	en
143	150	It has tags of china, classicalgardens, garden, jiangsu, liongrove, sh, suzhou, unescoworldheritage, peoplesrepublicofchina	773	en
144	151	It has tags of china, jiangsu, north, pagoda, suzhou, temple, peoplesrepublicofchina	774	en
145	152	It has tags of china, jiangsu, north, pagoda, suzhou, temple, peoplesrepublicofchina	775	en
146	153	It has tags of china, jiangsu, pingjiang, suzhou, peoplesrepublicofchina	776	en
147	154	It has tags of china, garden, jiangsu, keyuan, suzhou, peoplesrepublicofchina	779	en
148	155	It has tags of administrator, china, classicalgardens, garden, humble, jiangsu, suzhou, unescoworldheritage, zhu, suzhoushi, jiangsusheng	781	en
149	156	It has tags of china, classicalgardens, garden, jiangsu, lingering, li, suzhou, unescoworldheritage, peoplesrepublicofchina	783	en
150	157	It has tags of administrator, china, classicalgardens, garden, humble, jiangsu, suzhou, unescoworldheritage, zhu, suzhoushi, jiangsusheng	784	en
151	158	It has tags of administrator, china, classicalgardens, garden, humble, jiangsu, suzhou, unescoworldheritage, zhu, suzhoushi, jiangsusheng	785	en
152	159	It has tags of china, classicalgardens, couple, garden, jiangsu, retreat, suzhou, unescoworldheritage, peoplesrepublicofchina	786	en
153	160	It has tags of administrator, china, classicalgardens, garden, humble, jiangsu, suzhou, unescoworldheritage, zhu, suzhoushi, jiangsusheng	787	en
154	161	It has tags of administrator, china, classicalgardens, garden, humble, jiangsu, suzhou, unescoworldheritage, zhu, suzhoushi, jiangsusheng	788	en
155	162	It has tags of administrator, china, classicalgardens, garden, humble, jiangsu, suzhou, unescoworldheritage, zhu, suzhoushi, jiangsusheng	789	en
156	163	It has tags of administrator, china, classicalgardens, garden, humble, jiangsu, suzhou, unescoworldheritage, zhu, suzhoushi, jiangsusheng	790	en
157	164	It has tags of administrator, china, classicalgardens, garden, humble, jiangsu, suzhou, unescoworldheritage, zhu, suzhoushi, jiangsusheng	791	en
158	165	It has tags of administrator, china, classicalgardens, garden, humble, jiangsu, suzhou, unescoworldheritage, zhu, suzhoushi, jiangsusheng	792	en
159	166	It has tags of administrator, china, classicalgardens, garden, humble, jiangsu, suzhou, unescoworldheritage, zhu, suzhoushi, jiangsusheng	793	en
160	167	It has tags of administrator, china, classicalgardens, garden, humble, jiangsu, suzhou, unescoworldheritage, zhu, suzhoushi, jiangsusheng	794	en
161	168	It has tags of administrator, china, classicalgardens, garden, humble, jiangsu, suzhou, unescoworldheritage, zhu, suzhoushi, jiangsusheng	795	en
162	169	It has tags of administrator, china, classicalgardens, garden, humble, jiangsu, suzhou, unescoworldheritage, zhu, suzhoushi, jiangsusheng	796	en
163	170	It has tags of administrator, china, classicalgardens, garden, humble, jiangsu, suzhou, unescoworldheritage, zhu, suzhoushi, jiangsusheng	797	en
164	171	It has tags of china, classicalgardens, couple, garden, jiangsu, retreat, suzhou, unescoworldheritage, peoplesrepublicofchina	798	en
165	172	It has tags of china, classicalgardens, couple, garden, jiangsu, retreat, suzhou, unescoworldheritage, peoplesrepublicofchina	799	en
166	173	It has tags of china, classicalgardens, couple, garden, jiangsu, retreat, suzhou, unescoworldheritage, peoplesrepublicofchina	800	en
167	174	It has tags of china, classicalgardens, couple, garden, jiangsu, retreat, suzhou, unescoworldheritage, peoplesrepublicofchina	801	en
168	175	It has tags of china, classicalgardens, couple, garden, jiangsu, retreat, suzhou, unescoworldheritage, peoplesrepublicofchina	802	en
169	176	It has tags of china, classicalgardens, couple, garden, jiangsu, retreat, suzhou, unescoworldheritage, peoplesrepublicofchina	803	en
170	177	It has tags of china, classicalgardens, couple, garden, jiangsu, retreat, suzhou, unescoworldheritage, peoplesrepublicofchina	804	en
171	178	It has tags of china, classicalgardens, couple, garden, jiangsu, retreat, suzhou, unescoworldheritage, peoplesrepublicofchina	805	en
172	179	It has tags of china, classicalgardens, couple, garden, jiangsu, retreat, suzhou, unescoworldheritage, peoplesrepublicofchina	806	en
173	180	It has tags of china, classicalgardens, couple, garden, jiangsu, retreat, suzhou, unescoworldheritage, peoplesrepublicofchina	807	en
174	181	It has tags of china, classicalgardens, couple, garden, jiangsu, retreat, suzhou, unescoworldheritage, peoplesrepublicofchina	808	en
175	183	It has title of Having Fun with Cousine	818	en
176	184	It has tags of lotus, jiangsu, suzhou, peoplesrepublicofchina	819	en
177	185	- Old Suzhou town is linked with numerous canals and waterways	895	en
178	186	On these waterways are a lot of boats, these days tourist sightseeing boats like this.	895	en
179	188	It has tags of suzhou, china, shantang, canal, waterway, water, boat, trees, house, decoration, tourists, street, traditional, town	895	en
180	189	- A view of the touristy Shantang street and canal in old Suzhou, with traditional houses and bridge	896	en
181	190	Lost of tourists here as well as many tour boats.	896	en
182	192	It has tags of suzhou, china, shantang, canal, waterway, water, boats, trees, house, decoration, people, tourists, busy, shops, street, candid	896	en
183	193	- A lot of people can do the proper squat in China and these days this position is often seen combined with a phone in hand	897	en
184	194	It's a blend of the traditional with the new.	897	en
185	196	It has tags of suzhou, china, city, house, chinese, urban, scooters, electric, lanterns, man, walking, squat, mobile, phone, street, people, candid	897	en
186	197	- A fruit merchant's fruit stand	900	en
187	198	Looks like a big crop of cherries	900	en
188	199	Note the QR codes, that's how people pay in China.	900	en
189	201	It has tags of suzhou, china, chinese, merchant, fruit, shop, cherries, stand, man, qrcode, street, people, candid	900	en
190	202	- Doing some street photography in China and caught this fella on his electric scooter	901	en
191	203	He gave me that look sometimes you get when people see you catching them on camera.	901	en
192	205	It has tags of suzhou, china, city, building, house, chinese, urban, scooter, electric, lanterns, man, street, people, candid	901	en
193	261	- This is a touristy old street with lots of touristy shops	1018	en
194	262	All along the street are these lanterns, the text has the name of the street: Shantang.	1018	en
195	263	It has tags of suzhou, china, shantang, street, house, decoration, shops, lantern, chinese, red	1018	en
196	264	It has tags of china, suzhou, jiangsu, building, trees, park, colors, colours	1139	en
197	265	It has tags of asteraceae, chrysanthemum, magnoliophyta, magnoliopsida, angiospermes, architectural, architecture, dicots, dicotyl, ecology, ecosystem, environment, environmentalism, floweringplants, gardens, land, landscape, landscaping, nature, phan, plantes, plantes, plants, rock, rocks, scenery, structures, sunflowers, tree, suzhou, jiangsu, china	1140	en
198	267	It has tags of red, shanghai, suzhou, china	1144	en
199	268	The Gate to the Orient building looking like a pair of trousers on the west bank of beautiful Jinji Lake viewed through an unusual and interesting piece of artwork in downtown Suzhou.	1172	en
200	269	It has title of The 'Pants' building through an interesting piece of artwork	1172	en
201	270	The weird pants like building trend that has been popular in China for many years	1174	en
202	271	It has title of Suzhou Industrial Park: Gate of the East Shopping Mall	1174	en
203	273	With the traditional typical three entrances	1243	en
204	274	It has title of Paifang Gate Suzhou	1243	en
205	275	It has title of Pagoda on the banks of the Grand Canal, Suzhou	1244	en
206	276	The Humble Administrator's Garden, Suzhou, China	1315	en
207	277	It has title of Over the Roof	1315	en
208	278	It has tags of architectural, architecture, building, buildingmaterial, buildingmaterials, clayproducts, constructionmaterial, ecology, ecosystem, edifice, edifices, environment, environmentalism, nature, pavilion, plants, pond, recreationbuilding, recreationbuildings, rooftile, scenery, structures, tree, water, suzhou, jiangsu, china	1315	en
209	279	The Humble Administrator's Garden, Suzhou, China	1316	en
210	280	It has tags of architectural, architecture, building, edifice, edifices, furniture, home, householdobjects, residence, residentialbuilding, rooms, structures, thing, things, suzhou, jiangsu, china	1316	en
211	316	It has title of Suzhou Panmen Scenic Area.	1475	en
212	317	It has tags of harryandrowenaphotos, mercurytours, china	1475	en
213	318	It has title of Suzhou Panmen Scenic Area	1476	en
214	319	White Holy Ox Which Helped With Construction Of Pagoda	1476	en
215	320	It Died Soon After Completion So Locals Paid For This Memorial 1100A.D.	1476	en
216	321	It has tags of harryandrowenaphotos, mercurytours, china	1476	en
217	322	It has title of Suzhou Panmen Scenic Area	1477	en
218	323	Lovely Traditional Pebble Mosaic	1477	en
219	324	It has tags of harryandrowenaphotos, mercurytours, china	1477	en
220	325	It has title of Suzhou Panmen Scenic Area	1480	en
221	326	Walk To Panmen City Gate	1480	en
222	327	It has tags of harryandrowenaphotos, mercurytours, china	1480	en
223	328	It has title of Suzhou Panmen Scenic Area	1481	en
224	329	It has tags of harryandrowenaphotos, mercurytours, china	1481	en
225	330	It has title of Suzhou Express Delivery Chinese Style	1482	en
226	331	It has tags of harryandrowenaphotos, mercurytours, china	1482	en
227	332	Sorting Silk Worm Moth Coccoons	1483	en
228	333	It has tags of harryandrowenaphotos, mercurytours, china	1483	en
229	334	It has tags of harryandrowenaphotos, mercurytours, china	1484	en
230	335	It has tags of harryandrowenaphotos, mercurytours, china	1486	en
231	336	Master of the Nets Garden impressive front entrance.	1487	en
232	337	It has title of Suzhou, the Garden City of China.	1487	en
233	338	It has tags of harryandrowenaphotos, mercurytours, china	1487	en
234	339	Master of the Nets Garden, one of the finest oriental gardens,	1488	en
235	340	It has title of Suzhou, the Garden City of China.	1488	en
236	341	It has tags of harryandrowenaphotos, mercurytours, china	1488	en
237	342	Master of the Nets Garden, one of the finest oriental gardens Impressive front entrance	1517	en
238	343	It has title of Suzhou, the Garden City of China.	1517	en
239	344	It has tags of harryandrowenaphotos, mercurytours, china	1517	en
240	345	Master of the Nets Garden, one of the finest oriental gardens, Impressive front entrance	1518	en
241	346	It has title of Suzhou, the Garden City of China.	1518	en
242	347	It has tags of harryandrowenaphotos, mercurytours, china	1518	en
243	348	Humble administrator's garden in Suzhou, China on my recent trip back home.	1526	en
244	349	It has title of Suzhou Eco Rickshaw	1527	en
245	350	Spot The Hand Brake	1527	en
246	351	It has tags of harryandrowenaphotos, mercurytours, china	1527	en
247	352	It has title of Suzhou See Last Word Wonder What The Rest Says	1528	en
248	353	It has tags of harryandrowenaphotos, mercurytours, china	1528	en
249	354	It has title of Suzhou Electric Two Wheeled Truck	1529	en
250	355	It has tags of harryandrowenaphotos, mercurytours, china	1529	en
251	356	It has title of Suzhou Fast Food Stall	1530	en
252	357	See Small Writing Near Bottom-NEW DUCK INTESTINE Skewers.	1530	en
253	358	It has tags of harryandrowenaphotos, mercurytours, china	1530	en
254	359	It has tags of harryandrowenaphotos, mercurytours, china	1531	en
255	360	It has title of Suzhou Panmen Scenic Area	1537	en
256	361	Part Of City Wall	1537	en
257	362	It has tags of harryandrowenaphotos, mercurytours, china	1537	en
258	363	It has title of Suzhou Panmen Scenic Area	1538	en
259	364	Panmen City Gate	1538	en
260	365	It has tags of harryandrowenaphotos, mercurytours, china	1538	en
261	366	It has title of Suzhou Panmen Scenic Area	1541	en
262	367	Wumen Bridge Originally Built 1084	1541	en
263	368	It has tags of harryandrowenaphotos, mercurytours, china	1541	en
264	369	It has tags of harryandrowenaphotos, mercurytours, china	1549	en
265	371	It has title of Lou, Brian_Suzhou, China_Garden-Bridge	1564	en
266	372	It has title of Suzhou shantang wharf	1577	en
267	373	It has tags of visitsuzhou, chinatravels, jiangsu, cityscapes, visitchina, travelphotography, travel, china, asia, history, historic, shantang, wharf, reflection, blue, hour, night, river, canal, suzhou	1577	en
268	375	It has tags of china, suzhou, gardenofthehumbleadministrator	1971	en
269	377	It has tags of china, suzhou, gardenofthehumbleadministrator	1972	en
270	379	It has tags of china, suzhou, gardenofthehumbleadministrator	1973	en
271	381	It has tags of china, suzhou, gardenofthehumbleadministrator	1974	en
272	383	It has tags of china, suzhou, gardenofthehumbleadministrator	1975	en
273	385	It has tags of china, suzhou, gardenofthehumbleadministrator	1976	en
274	387	It has tags of china, suzhou, gardenofthehumbleadministrator	1977	en
275	389	It has tags of china, suzhou, gardenofthehumbleadministrator	1978	en
276	391	It has tags of china, suzhou, gardenofthehumbleadministrator	1979	en
277	393	It has tags of china, suzhou, gardenofthehumbleadministrator	1980	en
278	395	It has tags of china, suzhou, gardenofthehumbleadministrator	1981	en
279	397	It has tags of china, suzhou, gardenofthehumbleadministrator	1982	en
280	399	It has tags of china, suzhou, gardenofthehumbleadministrator	1983	en
281	401	It has tags of china, suzhou, gardenofthehumbleadministrator	1984	en
282	403	It has tags of china, suzhou, gardenofthehumbleadministrator	1985	en
283	405	It has tags of china, suzhou, gardenofthehumbleadministrator	1986	en
284	407	It has tags of china, suzhou, gardenofthehumbleadministrator	1987	en
285	409	It has tags of china, suzhou, gardenofthehumbleadministrator	1988	en
286	411	It has tags of china, suzhou, gardenofthehumbleadministrator	1989	en
287	413	It has tags of china, suzhou, gardenofthehumbleadministrator	1990	en
288	415	It has tags of china, suzhou, gardenofthehumbleadministrator	1991	en
289	417	It has tags of china, suzhou, gardenofthehumbleadministrator	1992	en
290	419	It has tags of china, suzhou, gardenofthehumbleadministrator	1993	en
291	421	It has tags of china, suzhou, gardenofthehumbleadministrator	1994	en
292	423	It has tags of china, suzhou, gardenofthehumbleadministrator	1995	en
293	425	It has tags of china, suzhou, gardenofthehumbleadministrator	1996	en
294	427	It has tags of china, suzhou, gardenofthehumbleadministrator	1997	en
295	429	It has tags of china, suzhou, gardenofthehumbleadministrator	1998	en
296	431	It has tags of china, suzhou, gardenofthehumbleadministrator	1999	en
297	433	It has tags of china, suzhou, gardenofthehumbleadministrator	2000	en
298	435	It has tags of china, suzhou, gardenofthehumbleadministrator	2001	en
299	437	It has tags of china, suzhou, gardenofthehumbleadministrator	2002	en
300	439	It has tags of china, suzhou, gardenofthehumbleadministrator	2003	en
301	441	It has tags of china, suzhou, gardenofthehumbleadministrator	2004	en
302	442	Seguimi su:      Follow on:	2099	en
303	443	It has tags of china, family, pedro, people, places	2118	en
304	446	It has tags of capturedbylight, suzhoushi, jiangsusheng, china, cn	2228	en
305	447	The garden painter	2331	en
306	448	It has title of The garden painter.	2331	en
307	449	It has tags of blackandwhite, china, painter, silhouette, street, suzhouchinasuzhoushijiangsushengcn	2331	en
308	450	Silk workers in a factory in Suzhou, China (near Shanghai)	2439	en
309	451	Silk worms occasionally go two to a cocoon rather than singly and then it isn't possible to turn it into thread	2439	en
310	452	So instead they turn it into large sheets of silk fibers that use to stuff pillows and comforters	2439	en
311	453	It has tags of cocoabiscuit, iphone, china, shanghai, suzhou, silk, factory, workers	2439	en
312	454	A silk factory in Suzhou, China (about an hour outside of Shanghai)	2440	en
313	455	They boil the cocoons to extract the dead worm inside and then unwind the very thin threads of silk onto the reels overhead	2440	en
314	456	Those threads then get combined with others.each worm eats 50 mulberry leaves and it takes 110 cocoons to make enough silk for a tie that's a lot of mulberry leaves	2440	en
315	457	It has title of Silk Factory	2440	en
316	458	It has tags of cocoabiscuit, iphone, china, shanghai, silk, factory	2440	en
317	459	It has title of Buddhist candles, Lingyin Temple - Hanzhou, China	2441	en
318	460	It has tags of china, buddhism, candles, temple, fire, hanzhou	2441	en
319	461	It has title of Fish pond, Hashan Temple - Suzhou, China	2442	en
320	462	It has tags of china, fish, temple, suzhou, hanshan	2442	en
321	463	It has title of Lotus, Hanshan Temple, Suzhou, China	2443	en
322	464	It has tags of china, lotus, flower, temple, hanshan, suzhou	2443	en
323	465	It has tags of china, gate, pagoda, tower, suzhou, panmen, wall	2444	en
324	466	It has title of Lantern, Shantang Street - Suzhou, China	2446	en
325	467	It has tags of china, lantern, suzhou, street	2446	en
326	468	It has title of Lion Grove Garden - Suzhou, China	2448	en
327	469	It has tags of china, garden, window, suzhou	2448	en
328	470	It has tags of waterreflection, reflection	2739	en
329	471	In the lingering garden in Suzhou, China	2740	en
330	472	It has tags of hasselblad, china, suzhou, jiangsu, mediumformat, monochrome, blackandwhite, water, bridge, ilfordhp, pushedfilm, ilford, hp, kodakhc, hc, sonnar, zeiss, carlzeiss, f, reflection, shadow, film, analog, asia, telephoto, mittelformat, square, lingeringgarden, filmdev, film, film, film, developer, developer	2740	en
331	473	Not many outside of Mainland China are actually aware that there is a Chinese version of the Leaning Tower of Pisa, Italy	2818	en
332	474	The Tiger Hill Pagoda in Suzhou, which has stood over a millennium has over the centuries slanted by 3 degrees	2818	en
333	475	It is often nicknamed the .Leaning Tower of China..	2818	en
334	476	It has title of Standing the test of time	2818	en
335	477	It has tags of jiangsu, december, building, asia, east, leaning, photography, china, city, venice, hill, province, landscape, suzhou, asian, chinese, peoples, tiger, river, tower, house, shanghai, architecture, republic, prc, pagoda, peoplesrepublicofchina	2818	en
336	478	The Humble Administrator's Garden in Suzhou is one of four Chinese gardens in Suzhou that have attained UNESCO World Heritage Site status, and the most famous and visited among them	2819	en
337	479	Its beautiful gardens and huge size makes it a good place to walk an afternoon stroll.	2819	en
338	480	It has title of Pavilion by the lake	2819	en
339	481	It has tags of december, asia, reflection, city, administrators, garden, humble, chinese, peoples, suzhou, water, photography, asian, republic, prc, china, jiangsu, peoplesrepublicofchina	2819	en
340	482	It has tags of china, classicalgardens, garden, jiangsu, liongrove, sh, suzhou, unescoworldheritage, peoplesrepublicofchina	2857	en
341	483	It has tags of china, jiangsu, north, pagoda, suzhou, temple, peoplesrepublicofchina	2863	en
342	484	It has tags of china, classicalgardens, garden, jiangsu, lingering, li, suzhou, unescoworldheritage, peoplesrepublicofchina	2865	en
343	485	It has tags of china, classicalgardens, garden, jiangsu, lingering, li, suzhou, unescoworldheritage, peoplesrepublicofchina	2866	en
344	486	It has tags of china, classicalgardens, garden, jiangsu, lingering, li, suzhou, unescoworldheritage, peoplesrepublicofchina	2867	en
345	487	It has tags of china, classicalgardens, garden, jiangsu, lingering, li, suzhou, unescoworldheritage, peoplesrepublicofchina	2868	en
346	488	It has tags of china, classicalgardens, garden, jiangsu, lingering, li, suzhou, unescoworldheritage, peoplesrepublicofchina	2869	en
347	489	It has tags of china, jiangsu, north, pagoda, suzhou, temple, peoplesrepublicofchina	2870	en
348	490	It has tags of china, jiangsu, north, pagoda, suzhou, temple, peoplesrepublicofchina	2871	en
349	491	It has tags of china, jiangsu, north, pagoda, suzhou, temple, peoplesrepublicofchina	2872	en
350	492	It has tags of china, jiangsu, north, pagoda, suzhou, temple, peoplesrepublicofchina	2873	en
351	493	It has tags of china, jiangsu, north, pagoda, suzhou, temple, peoplesrepublicofchina	2874	en
352	494	It has tags of china, jiangsu, north, pagoda, suzhou, temple, peoplesrepublicofchina	2875	en
353	495	It has tags of china, classicalgardens, garden, jiangsu, liongrove, sh, suzhou, unescoworldheritage, peoplesrepublicofchina	2876	en
354	496	It has tags of china, classicalgardens, garden, jiangsu, liongrove, sh, suzhou, unescoworldheritage, peoplesrepublicofchina	2877	en
355	497	It has tags of china, classicalgardens, garden, jiangsu, liongrove, sh, suzhou, unescoworldheritage, peoplesrepublicofchina	2878	en
356	498	It has tags of china, classicalgardens, garden, jiangsu, liongrove, sh, suzhou, unescoworldheritage, peoplesrepublicofchina	2879	en
357	499	It has tags of china, classicalgardens, garden, jiangsu, liongrove, sh, suzhou, unescoworldheritage, peoplesrepublicofchina	2880	en
358	500	It has tags of china, classicalgardens, garden, jiangsu, liongrove, sh, suzhou, unescoworldheritage, peoplesrepublicofchina	2881	en
359	501	It has tags of china, classicalgardens, garden, jiangsu, liongrove, sh, suzhou, unescoworldheritage, peoplesrepublicofchina	2882	en
360	502	It has tags of china, classicalgardens, garden, jiangsu, liongrove, sh, suzhou, unescoworldheritage, peoplesrepublicofchina	2883	en
361	503	It has tags of china, classicalgardens, garden, jiangsu, liongrove, sh, suzhou, unescoworldheritage, peoplesrepublicofchina	2884	en
362	504	It has tags of china, classicalgardens, garden, jiangsu, liongrove, sh, suzhou, unescoworldheritage, peoplesrepublicofchina	2885	en
363	505	It has tags of china, classicalgardens, garden, jiangsu, liongrove, sh, suzhou, unescoworldheritage, peoplesrepublicofchina	2886	en
364	506	It has tags of china, classicalgardens, garden, jiangsu, liongrove, sh, suzhou, unescoworldheritage, peoplesrepublicofchina	2887	en
365	507	It has tags of china, classicalgardens, garden, jiangsu, lingering, li, suzhou, unescoworldheritage, peoplesrepublicofchina	2888	en
366	508	It has tags of china, classicalgardens, garden, jiangsu, lingering, li, suzhou, unescoworldheritage, peoplesrepublicofchina	2889	en
367	509	It has tags of china, classicalgardens, garden, jiangsu, lingering, li, suzhou, unescoworldheritage, peoplesrepublicofchina	2890	en
368	510	It has tags of china, garden, humbleadministratorgarden, jiangsu, museum, suzhou, unescoworldheritage, suzhoushi, jiangsusheng	2891	en
369	511	It has tags of china, garden, jiangsu, keyuan, suzhou, peoplesrepublicofchina	2892	en
370	512	It has tags of china, classicalgardens, garden, jiangsu, lingering, li, suzhou, unescoworldheritage, peoplesrepublicofchina	2894	en
371	513	It has tags of china, garden, jiangsu, keyuan, suzhou, peoplesrepublicofchina	2895	en
372	514	It has tags of china, garden, jiangsu, keyuan, suzhou, peoplesrepublicofchina	2896	en
373	515	It has tags of china, garden, jiangsu, keyuan, suzhou, peoplesrepublicofchina	2898	en
374	516	It has tags of china, garden, jiangsu, keyuan, suzhou, peoplesrepublicofchina	2899	en
375	517	It has tags of china, classicalgardens, garden, jiangsu, liongrove, sh, suzhou, unescoworldheritage, peoplesrepublicofchina	2902	en
376	518	It has tags of china, classicalgardens, garden, jiangsu, liongrove, sh, suzhou, unescoworldheritage, peoplesrepublicofchina	2903	en
377	519	It has tags of china, classicalgardens, garden, jiangsu, liongrove, sh, suzhou, unescoworldheritage, peoplesrepublicofchina	2904	en
378	520	It has tags of china, jiangsu, north, pagoda, suzhou, temple, peoplesrepublicofchina	2905	en
379	521	It has tags of china, jiangsu, suzhou, peoplesrepublicofchina	2906	en
380	522	It has tags of china, classicalgardens, garden, jiangsu, masterofthenets, suzhou, unescoworldheritage, w, peoplesrepublicofchina	2911	en
381	523	It has tags of china, jiangsu, north, pagoda, suzhou, temple, peoplesrepublicofchina	2913	en
382	524	It has tags of china, jiangsu, north, pagoda, suzhou, temple, peoplesrepublicofchina	2914	en
383	525	It has tags of china, jiangsu, north, pagoda, suzhou, temple, peoplesrepublicofchina	2915	en
384	526	It has tags of china, jiangsu, north, pagoda, suzhou, temple, peoplesrepublicofchina	2916	en
385	527	It has tags of china, jiangsu, north, pagoda, suzhou, temple, peoplesrepublicofchina	2917	en
386	528	It has tags of china, classicalgardens, garden, jiangsu, liongrove, sh, suzhou, unescoworldheritage, peoplesrepublicofchina	2918	en
387	529	It has tags of china, classicalgardens, garden, jiangsu, liongrove, sh, suzhou, unescoworldheritage, peoplesrepublicofchina	2919	en
388	530	It has tags of china, classicalgardens, garden, jiangsu, liongrove, sh, suzhou, unescoworldheritage, peoplesrepublicofchina	2920	en
389	531	It has title of Suzhou、China	2942	en
390	532	- I think this lane is originally there for the cyclists	2950	en
391	533	But I didn't see anyone on human powered bikes	2950	en
392	534	The bike lane is just dominated by the electric bikes or electric scooters	2950	en
393	535	The people are also dressed for the cold and pollutions looks.	2950	en
394	537	It has tags of suzhou, china, city, traffic, busy, road, scooters, electric, street, masks, people, candid	2950	en
395	560	- While walking around Suzhou, I bumped into not one but several wedding photography sessions in progress	3004	en
396	561	This one was happening in the middle of the old town with the couple dressed in traditional red Chinese wedding dress.	3004	en
397	563	It has tags of suzhou, china, shantang, street, house, decoration, lantern, chinese, red, wedding, dress, photographer, photography, camera, canon, couple, bride, groom, people, candid	3004	en
398	564	- An old street in Suzhou, now a busy touristy shopping street along the canal	3007	en
399	565	The length is not really 7 miles but 7 traditional Chinese mile which is a bit more than 3.5 km.	3007	en
400	567	It has tags of suzhou, china, shantang, street, canal, waterway, water, boats, trees, house, decoration, people, busy, shops, longexposure	3007	en
401	568	- Another artist working on drawing the scenes in the the Suzhou Lingering Garden	3008	en
402	569	Although looks she is on her mobile at the moment.	3008	en
403	571	It has tags of suzhou, china, thelingeringgarden, liuyuan, unescoworldheritagesite, trees, leafs, green, plant, garden, corridor, house, decoration, drawing, sketching, people, candid	3008	en
404	572	- A big part of the Suzhou gardens is apparently the ornate rocks that are dotted around in the gardens	3009	en
405	573	Here is someone trying to capture a rock with her still life drawings.	3009	en
406	575	It has tags of suzhou, china, thelingeringgarden, liuyuan, unescoworldheritagesite, trees, leafs, green, plant, rock, decoration, art, drawing, sketching, people, candid	3009	en
407	576	- Another little garden with a calligraphic art plaque on the wall.	3010	en
408	578	It has tags of suzhou, china, thelingeringgarden, liuyuan, unescoworldheritagesite, wall, plaque, calligraphy, text, chinese, signs, trees, leafs, green, decoration, art, antique	3010	en
409	579	- In The Lingering Garden, as well as other Chinese gardens I'm sure, there are plaques and signs with calligraphic art dotted around	3011	en
410	580	Also check out the frames also have artistic and antique carvings.	3011	en
411	581	It has tags of suzhou, china, thelingeringgarden, liuyuan, unescoworldheritagesite, wall, plaque, calligraphy, text, chinese, signs, trees, leafs, green, decoration, art, antique	3011	en
412	587	Processed with VSCO with al6 preset	3131	en
413	588	Processed with VSCO with fp1 preset	3132	en
414	589	It has title of Winter is coming	3133	en
415	591	It has tags of china, suzhou, gardenofthehumbleadministrator	3242	en
416	593	It has tags of china, suzhou, gardenofthehumbleadministrator	3243	en
417	595	It has tags of china, suzhou, gardenofthehumbleadministrator	3244	en
418	597	It has tags of china, suzhou, gardenofthehumbleadministrator	3245	en
419	599	It has tags of china, suzhou, gardenofthehumbleadministrator	3246	en
420	601	It has tags of china, suzhou, gardenofthehumbleadministrator	3247	en
421	603	It has tags of china, suzhou, gardenofthehumbleadministrator	3248	en
422	605	It has tags of china, suzhou, gardenofthehumbleadministrator	3249	en
423	607	It has tags of china, suzhou, gardenofthehumbleadministrator	3250	en
424	609	It has tags of china, suzhou, gardenofthehumbleadministrator	3251	en
425	611	It has tags of china, suzhou, gardenofthehumbleadministrator	3252	en
426	613	It has tags of china, suzhou, gardenofthehumbleadministrator	3253	en
427	614	It has tags of suzhou, china, masterofnetsgarden	3257	en
428	615	It has tags of suzhou, china, masterofnetsgarden	3266	en
429	616	It has tags of suzhou, china, masterofnetsgarden	3272	en
430	618	It has tags of china, suzhou, gardenofthehumbleadministrator	3316	en
431	620	It has tags of china, suzhou, gardenofthehumbleadministrator	3317	en
432	621	It has tags of suzhou, china, masterofnetsgarden	3318	en
433	622	literally 'Cold Mountain Temple' is well known because of the poem .A Night Mooring by Maple Bridge., by Tang Dynasty poet, Zhang Ji  月落烏啼霜滿天， 江楓漁火對愁眠	3369	en
434	623	The moon descends, crows caw, frostiness fills the sky	3369	en
435	624	riverside maples, fishermen's lights, facing me in my worried sleep	3369	en
436	625	Outside Gusu city lies Cold Mountain Temple	3369	en
437	626	at midnight, the sound of bells reaches the ferries.	3369	en
438	627	It has title of Hanshan Temple	3369	en
439	628	It has title of The Lion Forest Garden	3370	en
440	630	It has title of Suzhou train station	3447	en
441	631	It has tags of china, jiangsu, suzhou, zh, people, station, cn	3447	en
442	632	It has tags of china, jiangsu, suzhou, zh, barber, night, shop, cn	3449	en
443	633	It has tags of china, jiangsu, suzhou, zh, architecture, contemporary, street, cn	3485	en
444	634	It has tags of china, jiangsu, suzhou, zh, architecture, contemporary, cn	3486	en
445	635	It has tags of china, jiangsu, suzhou, zh, fish, pond, cn	3488	en
446	636	It has tags of china, jiangsu, suzhou, zh, garden, pond, rocks, cn	3490	en
447	637	It has tags of china, jiangsu, suzhou, zh, flower, garden, cn	3491	en
448	638	It has tags of china, jiangsu, suzhou, zh, boat, garden, people, pond, cn	3493	en
449	639	Suzhou - view from Marriott Hotel (Ganjiang West Road)	3563	en
450	640	It has tags of china, classicalgardens, garden, jiangsu, masterofthenets, suzhou, unescoworldheritage, w, peoplesrepublicofchina	3615	en
451	641	It has tags of china, classicalgardens, garden, jiangsu, masterofthenets, suzhou, unescoworldheritage, w, peoplesrepublicofchina	3616	en
452	642	It has tags of china, classicalgardens, garden, jiangsu, masterofthenets, suzhou, unescoworldheritage, w, peoplesrepublicofchina	3617	en
453	643	It has tags of china, classicalgardens, garden, jiangsu, masterofthenets, suzhou, unescoworldheritage, w, peoplesrepublicofchina	3618	en
454	644	It has tags of china, classicalgardens, garden, jiangsu, masterofthenets, suzhou, unescoworldheritage, w, peoplesrepublicofchina	3619	en
455	645	It has tags of china, classicalgardens, garden, jiangsu, masterofthenets, suzhou, unescoworldheritage, w, peoplesrepublicofchina	3620	en
456	646	It has tags of china, classicalgardens, garden, jiangsu, masterofthenets, suzhou, unescoworldheritage, w, peoplesrepublicofchina	3621	en
457	647	It has tags of china, classicalgardens, garden, jiangsu, masterofthenets, suzhou, unescoworldheritage, w, peoplesrepublicofchina	3622	en
458	648	It has tags of china, garden, jiangsu, keyuan, suzhou, peoplesrepublicofchina	3623	en
459	649	It has tags of china, garden, jiangsu, keyuan, suzhou, peoplesrepublicofchina	3624	en
460	650	It has tags of china, garden, jiangsu, keyuan, suzhou, peoplesrepublicofchina	3625	en
461	651	It has tags of china, garden, jiangsu, keyuan, suzhou, peoplesrepublicofchina	3626	en
462	652	It has tags of administrator, china, classicalgardens, garden, humble, jiangsu, suzhou, unescoworldheritage, zhu, suzhoushi, jiangsusheng	3627	en
463	653	It has tags of china, jiangsu, north, pagoda, suzhou, temple, peoplesrepublicofchina	3628	en
464	654	It has tags of administrator, china, classicalgardens, garden, humble, jiangsu, suzhou, unescoworldheritage, zhu, suzhoushi, jiangsusheng	3629	en
465	658	It has title of Lou, Brian_Suzhou,China_Forest Path	3707	en
466	660	It has tags of china, suzhou, gardenofthehumbleadministrator	3797	en
467	662	It has tags of china, suzhou, gardenofthehumbleadministrator	3798	en
468	664	It has tags of china, suzhou, gardenofthehumbleadministrator	3799	en
469	666	It has tags of china, suzhou, gardenofthehumbleadministrator	3800	en
470	667	It has tags of china, family, pedro, people, places	3813	en
471	668	Had to buy an umbrella when started raining	3850	en
472	669	The 12th century Garden of the Master of the Nets is among the most famous sights of Suzhou, China	3902	en
473	670	Winter is an ideal time to visit as the crowds are smaller.	3902	en
474	671	It has title of Garden of the Master of the Nets	3902	en
475	673	Long barges ply the Grand Canal just south of Suzhou, China	3915	en
476	674	Begun in 486 BC, the canal is still used to move industrial and agricultural products north-south.	3915	en
477	675	It has title of Grand Canal at Suzhou	3915	en
478	676	The 1,790-kilometer Grand Canal from Beijing to Hangzhou passes just south of Suzhou, China.	3916	en
479	677	It has title of Grand Canal	3916	en
480	678	It has tags of grandcanal, beijing, hangzhou, suzhou, china	3916	en
481	679	The three-story Hall of Attractive Scenery in the Panmen Scenic Area at Suzhou, China, offers views across a small lake.	3917	en
482	680	It has title of Hall of Attractive Scenery	3917	en
483	681	It has tags of panmen, suzhou, china	3917	en
484	682	The Pavilion for Watching the Moon is a feature of the 12th century Garden of the Master of the Nets at Suzhou, China.	3918	en
485	683	It has title of Pavilion for Watching the Moon	3918	en
486	684	Scenes like these are becoming commonplace all over the world, as people stay home under varying lockdowns to try and prevent spread of the virus	4013	en
487	685	An eerie emptiness, the likes of which one has never seen in such scale in living memory.	4013	en
488	686	It has tags of jiangsu, asian, b, asia, sepia, emptiness, suzhou, city, street, walkway, empty, december, bw, mono, chinese, peoples, monochrome, w, photography, china, black, prc, republic, white, peoplesrepublicofchina	4013	en
489	687	It has tags of suzhou, china, street, jiangsu, peoplesrepublicofchina	4014	en
490	688	It has tags of suzhou, china, street, jiangsu, peoplesrepublicofchina	4015	en
491	689	It has tags of suzhou, wall, tree, china, street, jiangsu, peoplesrepublicofchina	4016	en
492	690	It has tags of suzhou, china, street, jiangsu, peoplesrepublicofchina	4017	en
493	691	It has tags of water, canal, suzhou, tree, china, street, jiangsu, peoplesrepublicofchina	4018	en
494	692	It has tags of china, classicalgardens, garden, jiangsu, masterofthenets, suzhou, unescoworldheritage, w, peoplesrepublicofchina	4022	en
495	693	It has tags of china, classicalgardens, garden, jiangsu, masterofthenets, suzhou, unescoworldheritage, w, peoplesrepublicofchina	4023	en
496	694	It has tags of china, classicalgardens, garden, jiangsu, masterofthenets, suzhou, unescoworldheritage, w, peoplesrepublicofchina	4024	en
497	695	It has tags of china, classicalgardens, garden, jiangsu, masterofthenets, suzhou, unescoworldheritage, w, peoplesrepublicofchina	4025	en
498	696	It has tags of china, classicalgardens, garden, jiangsu, masterofthenets, suzhou, unescoworldheritage, w, peoplesrepublicofchina	4026	en
499	699	It has tags of china, suzhou, gardenofthehumbleadministrator	4052	en
500	701	It has tags of china, suzhou, gardenofthehumbleadministrator	4053	en
501	702	It has title of Freshmen go to China	4073	en
502	703	It has tags of china, family, pedro, people, places	4080	en
503	704	It has title of Corridor, Hanshan Temple - Suzhou, China	4111	en
504	705	It has tags of china, buddhism, temple, suzhou, hanshan	4111	en
505	706	It has title of Pavilion of Surging Waves	4129	en
506	707	It has tags of pavilionofsurgingwaves, canglangpavilion, unescowhs, garden	4129	en
507	708	Suzhou Ancient City	4136	en
508	709	Suzhou Ancient City	4137	en
509	710	It has title of Autumn textures and shapes	4139	en
510	711	It has title of Autumn textures and shapes	4140	en
511	0	It has title of Extinction Bridge	8	it
512	1	It has title of Shimotsu Bridge	13	it
513	2	It has title of Shangjin Bridge	16	it
514	3	It has title of Jiangnan in Yuan Dynasty	23	it
515	4	It has title of art garden	142	it
516	5	It has title of Huanxiu Villa	154	it
517	6	It has title of City God Temple	175	it
518	7	It has title of Quyuan	177	it
519	8	It has title of Tianxiang Xiaozhu	186	it
520	9	It has title of Dongshengli	193	it
521	10	It has title of Kunqu Opera Museum	199	it
522	11	It has title of Jiachen Lane Brick Tower	214	it
523	12	It has title of twin towers	217	it
524	13	It has title of Coupling Garden	237	it
525	14	It has title of Ride a balance bike at Jinji Lake	349	it
526	15	It has title of Ride a balance bike at Jinji Lake	350	it
527	16	It has title of Suzhou Center	351	it
528	17	It has title of First beat in 2021	410	it
529	18	It has title of Wuzhong Museum	426	it
530	19	It has title of Tantai Lake Park	513	it
531	20	It has title of temple	611	it
532	21	It has title of tower	612	it
533	22	It has title of @ 捞 葉 锅 Cuisine	1168	it
534	23	It has title of Raisin Egg Waffle@	1169	it
535	24	It has title of @ 捞 葉 锅 Cuisine	1242	it
536	25	It has title of Humble Administrator's Garden	1526	it
537	31	It has title of Suzhou Sun Plaza Hotel	2535	it
538	0	It has title of G for Garden	105	other
539	1	It has tags of china, china, chinese, garden, suzhou, chinese	108	other
540	4	It has tags of garden	132	other
541	5	It has tags of garden	135	other
542	6	Laure and China and 2007	139	other
543	7	It has title of Suzhou_01	139	other
544	8	Laure and China and 2007	140	other
545	9	It has title of Suzhou_02	140	other
546	10	Laure and China and 2007	141	other
547	11	It has title of Suzhou_03	141	other
548	12	It has tags of dji, suzhou, jiangsu, peoplesrepublicofchina	351	other
549	13	It has title of Canglang Pavilion	361	other
550	14	It has tags of sony vsco	361	other
551	15	It has tags of sony vsco	363	other
552	16	It has title of Canglang Pavilion	370	other
553	17	It has tags of sony, vsco, nature, architecture, design	370	other
554	18	It has title of Suzhou	399	other
555	19	It has title of Homemade	409	other
556	20	It has title of Suzhou	412	other
557	21	It has tags of china, chine, suzhou	412	other
558	22	It has tags of china, suzhou	523	other
559	23	It has title of Suzhou, Shan Tang st.	524	other
560	24	It has tags of china, suzhou	524	other
561	45	It has title of Suzhou 8	550	other
562	58	Lion Grove Garden	563	other
563	101	It has tags of suzhou, china, jiangsu	611	other
564	102	It has tags of suzhou, china, jiangsu	612	other
565	104	It has title of Mirror	621	other
566	121	It has tags of arts, centre, china, culture, jiangsu, suzhou, peoplesrepublicofchina	652	other
567	131	It has tags of china, jiangsu, jinji, lake, suzhou, peoplesrepublicofchina	661	other
568	133	It has tags of china, jiangsu, jinji, lake, suzhou, peoplesrepublicofchina	662	other
569	135	It has tags of china, jiangsu, jinji, lake, suzhou, peoplesrepublicofchina	663	other
570	137	It has tags of china, jiangsu, jinji, lake, suzhou, peoplesrepublicofchina	664	other
571	139	It has tags of china, jiangsu, jinji, lake, suzhou, peoplesrepublicofchina	665	other
572	141	It has tags of arts, centre, china, culture, jiangsu, suzhou, peoplesrepublicofchina	666	other
573	143	It has tags of arts, centre, china, culture, jiangsu, suzhou, peoplesrepublicofchina	667	other
574	145	It has tags of arts, centre, china, culture, jiangsu, suzhou, peoplesrepublicofchina	668	other
575	147	It has tags of arts, centre, china, culture, jiangsu, suzhou, peoplesrepublicofchina	669	other
576	149	It has tags of arts, centre, china, culture, jiangsu, suzhou, peoplesrepublicofchina	670	other
577	151	It has tags of arts, centre, china, culture, jiangsu, suzhou, peoplesrepublicofchina	671	other
578	153	It has tags of arts, centre, china, culture, jiangsu, suzhou, peoplesrepublicofchina	672	other
579	155	It has tags of arts, centre, china, culture, jiangsu, suzhou, peoplesrepublicofchina	673	other
580	157	It has tags of arts, centre, china, culture, jiangsu, suzhou, peoplesrepublicofchina	674	other
581	159	It has tags of arts, centre, china, culture, jiangsu, suzhou, peoplesrepublicofchina	675	other
582	161	It has tags of arts, centre, china, culture, jiangsu, suzhou, peoplesrepublicofchina	676	other
583	177	It has tags of china, jiangsu, pingjiang, suzhou, peoplesrepublicofchina	691	other
584	184	It has tags of china, jiangsu, pingjiang, suzhou, peoplesrepublicofchina	697	other
585	194	It has tags of center, central, china, jiangsu, plaza, square, suzhou, peoplesrepublicofchina	706	other
586	196	It has tags of center, central, china, jiangsu, plaza, square, suzhou, peoplesrepublicofchina	707	other
587	198	It has tags of center, central, china, jiangsu, plaza, square, suzhou, peoplesrepublicofchina	708	other
588	201	It has tags of center, central, china, jiangsu, plaza, square, suzhou, peoplesrepublicofchina	710	other
589	231	It has tags of china, jiangsu, jinji, lake, suzhou, peoplesrepublicofchina	739	other
590	233	It has tags of china, jiangsu, jinji, lake, suzhou, peoplesrepublicofchina	740	other
591	235	It has tags of china, jiangsu, jinji, lake, suzhou, peoplesrepublicofchina	741	other
592	237	It has tags of arts, centre, china, culture, jiangsu, suzhou, peoplesrepublicofchina	742	other
593	239	It has tags of china, jiangsu, jinji, lake, suzhou, peoplesrepublicofchina	743	other
594	241	It has tags of arts, centre, china, culture, jiangsu, suzhou, peoplesrepublicofchina	744	other
595	243	It has tags of arts, centre, china, culture, jiangsu, suzhou, peoplesrepublicofchina	745	other
596	245	It has tags of arts, centre, china, culture, jiangsu, suzhou, peoplesrepublicofchina	746	other
597	247	It has tags of arts, centre, china, culture, jiangsu, suzhou, peoplesrepublicofchina	747	other
598	249	It has tags of arts, centre, china, culture, jiangsu, suzhou, peoplesrepublicofchina	748	other
599	251	It has tags of arts, centre, china, culture, jiangsu, suzhou, peoplesrepublicofchina	749	other
600	253	It has tags of arts, centre, china, culture, jiangsu, suzhou, peoplesrepublicofchina	750	other
601	255	It has tags of arts, centre, china, culture, jiangsu, suzhou, peoplesrepublicofchina	751	other
602	257	It has tags of arts, centre, china, culture, jiangsu, suzhou, peoplesrepublicofchina	752	other
603	259	It has tags of arts, centre, china, culture, jiangsu, suzhou, peoplesrepublicofchina	753	other
604	268	It has tags of china, jiangsu, jinji, lake, suzhou, peoplesrepublicofchina	761	other
605	277	It has tags of china, jiangsu, jinji, lake, suzhou, peoplesrepublicofchina	769	other
606	286	It has tags of center, central, china, jiangsu, plaza, square, suzhou, peoplesrepublicofchina	777	other
607	290	It has tags of arts, centre, china, culture, jiangsu, suzhou, peoplesrepublicofchina	780	other
608	319	It has title of Suzhou	812	other
609	320	It has tags of jiangsu, suzhou, jinjihu, peoplesrepublicofchina	818	other
610	321	It has title of Lotus@Jinji Lake Suzhou	819	other
611	322	It has title of Lotus@Jinji Lake Suzhou	822	other
612	323	It has tags of lotus, suzhou, jiangsu, peoplesrepublicofchina	822	other
613	324	It has title of Lotus@Jinji Lake Suzhou	823	other
614	325	It has tags of suzhou, jiangsu, peoplesrepublicofchina, lotus	823	other
615	342	It has title of Suzhou	1002	other
616	343	It has tags of suzhou, jiangsu, china	1002	other
617	386	It has title of Panmen Gate Park	1139	other
618	387	It has title of Garden	1140	other
619	389	It has title of Shanghai	1144	other
620	391	It has tags of suzhouindustrialparkdongfangzhimen	1174	other
621	523	It has title of China	1313	other
622	524	Suzhou , China	1314	other
623	525	It has title of Beautiful China	1314	other
624	526	It has tags of china, suzhou, night	1314	other
625	527	It has title of Old room	1316	other
626	529	It has tags of china, shanghai, sony	1352	other
627	531	It has tags of china, shanghai, sony	1353	other
628	533	It has tags of china, shanghai, sony	1354	other
629	535	It has tags of china, shanghai, sony	1355	other
630	537	It has tags of china, shanghai, sony	1356	other
631	539	It has tags of china, shanghai, sony	1357	other
632	540	It has title of Shanghai 2018	1358	other
633	541	It has tags of red	1358	other
634	544	It has title of hidden gold	1386	other
635	545	It has title of Autumn	1387	other
636	546	It has tags of china, suzhou, central, hotel	1391	other
637	547	It has tags of china, suzhou, central, hotel	1392	other
638	548	It has tags of china, suzhou	1393	other
639	549	It has tags of china, suzhou, central, hotel	1394	other
640	550	It has tags of china, suzhou	1395	other
641	551	It has tags of china, suzhou	1396	other
642	552	It has tags of china, suzhou	1397	other
643	553	It has tags of china, suzhou	1398	other
644	554	It has tags of china, suzhou	1399	other
645	555	It has tags of china, suzhou	1400	other
646	556	It has tags of china, suzhou	1401	other
647	557	It has tags of china, suzhou	1402	other
648	558	It has tags of china, suzhou	1403	other
649	559	It has tags of china, suzhou	1404	other
650	560	It has tags of china, suzhou	1405	other
651	561	It has tags of china, suzhou	1406	other
652	562	It has tags of china, suzhou	1407	other
653	563	It has tags of china, suzhou	1409	other
654	564	It has tags of china, suzhou	1410	other
655	565	It has tags of china, suzhou	1411	other
656	566	It has tags of china, suzhou	1412	other
657	567	It has tags of china, suzhou	1413	other
658	568	It has tags of china, suzhou	1414	other
659	569	It has tags of china, suzhou	1415	other
660	570	It has tags of china, suzhou	1416	other
661	571	It has tags of china, suzhou	1417	other
662	572	It has tags of china, suzhou	1418	other
663	573	It has tags of china, suzhou	1419	other
664	574	It has tags of china, suzhou	1420	other
665	575	It has tags of china, suzhou	1421	other
666	576	It has tags of china, suzhou	1422	other
667	577	It has tags of china, suzhou	1423	other
668	578	It has tags of china, suzhou	1424	other
669	579	It has tags of china, suzhou	1425	other
670	580	It has tags of china, suzhou	1426	other
671	581	It has tags of china, suzhou	1427	other
672	582	It has tags of china, suzhou	1428	other
673	583	It has tags of china, suzhou	1429	other
674	584	It has tags of china, suzhou	1430	other
675	585	It has tags of china, suzhou	1431	other
676	586	It has tags of china, suzhou	1432	other
677	587	It has tags of china, suzhou	1433	other
678	588	It has tags of china, suzhou	1434	other
679	589	It has tags of china, suzhou	1435	other
680	590	It has tags of china, suzhou	1436	other
681	591	It has tags of china, suzhou	1437	other
682	592	It has tags of china, suzhou	1438	other
683	593	It has tags of china, suzhou	1439	other
684	594	It has tags of china, suzhou	1440	other
685	595	It has tags of china, suzhou	1441	other
686	596	It has tags of china, suzhou	1442	other
687	597	It has tags of china, suzhou	1443	other
688	598	It has tags of china, suzhou	1444	other
689	599	It has tags of china, suzhou	1445	other
690	600	It has tags of china, suzhou	1446	other
691	601	It has tags of china, suzhou	1447	other
692	602	It has tags of china, suzhou	1448	other
693	603	It has tags of china, suzhou	1449	other
694	604	It has tags of china, suzhou	1450	other
695	605	It has tags of china, suzhou	1451	other
696	606	It has tags of china, suzhou	1452	other
697	607	It has tags of china, suzhou	1453	other
698	608	It has tags of china, suzhou	1454	other
699	609	It has tags of china, suzhou	1455	other
700	610	It has tags of china, suzhou	1456	other
701	611	It has tags of china, suzhou	1457	other
702	612	It has tags of china, suzhou	1458	other
703	613	It has tags of china, suzhou	1459	other
704	614	It has tags of china, suzhou	1460	other
705	615	It has tags of china, suzhou	1461	other
706	616	It has tags of china, suzhou	1462	other
707	617	It has tags of china, suzhou	1463	other
708	618	It has tags of china, suzhou	1464	other
709	619	It has tags of china, suzhou	1465	other
710	620	It has tags of china, suzhou	1466	other
711	621	It has tags of china, suzhou	1467	other
712	622	It has tags of china, suzhou	1468	other
713	623	It has tags of china, suzhou	1469	other
714	624	It has tags of china, suzhou	1470	other
715	625	It has tags of china, suzhou	1471	other
716	626	It has tags of china, suzhou	1472	other
717	627	It has tags of china, suzhou	1473	other
718	628	It has tags of china, suzhou	1474	other
719	629	It has title of Suzhou Silk Mill	1483	other
720	630	It has title of Suzhou Silk Mill	1484	other
721	631	It has title of Suzhou Silk Mill	1486	other
722	632	It has title of Suzhou	1531	other
723	633	It has tags of suzhou, jeans, china	1551	other
724	634	It has tags of suzhou, jeans, china	1552	other
725	635	It has tags of suzhou, jeans, china	1553	other
726	636	It has tags of suzhou, jeans, china	1554	other
727	637	It has tags of suzhou, jeans, china	1555	other
728	638	It has tags of suzhou, jeans, china	1556	other
729	639	It has tags of suzhou, jeans, china	1557	other
730	640	It has tags of suzhou, jeans, china	1558	other
731	641	It has tags of suzhou, jeans, china	1559	other
732	642	It has tags of suzhou, jeans, china	1560	other
733	643	It has tags of suzhou, jeans, china	1561	other
734	644	It has tags of suzhou, jeans, china	1562	other
735	645	It has tags of suzhou, jeans, china	1563	other
736	684	It has title of Shanghai18_124	1887	other
737	685	It has title of Shanghai18_108	1888	other
738	686	It has title of Shanghai18_106	1889	other
739	687	It has title of Shanghai18_103	1890	other
740	704	It has tags of suzhou, china, humble, administrator, garden	1908	other
741	706	It has tags of suzhou, china, humble, administrator, garden	1909	other
742	708	It has tags of suzhou, china, humble, administrator, garden	1910	other
743	710	It has tags of suzhou, china, humble, administrator, garden	1911	other
744	712	It has tags of suzhou, china	1912	other
745	714	It has tags of suzhou, china	1913	other
746	716	It has tags of suzhou, china	1914	other
747	718	It has tags of suzhou, china	1915	other
748	720	It has tags of suzhou, china	1916	other
749	722	It has tags of suzhou, china	1917	other
750	724	It has tags of suzhou, china	1918	other
751	726	It has tags of suzhou, china	1919	other
752	728	It has tags of suzhou, china	1920	other
753	730	It has tags of suzhou, china	1921	other
754	732	It has tags of suzhou, china	1922	other
755	734	It has tags of suzhou, china	1923	other
756	736	It has tags of suzhou, china	1924	other
757	738	It has tags of suzhou, china	1925	other
758	741	It has tags of suzhou, china	1927	other
759	754	It has title of image	1942	other
760	764	It has title of Sūzhōu	2099	other
761	773	It has tags of china, places	2115	other
762	775	It has tags of china, places	2116	other
763	777	It has tags of china, places	2117	other
764	890	Lingering garden, Suzhou, China	2331	other
765	930	It has title of Autumn nostalgia	2418	other
766	931	It has tags of autumn	2418	other
767	932	It has title of mmexport1512464899652	2437	other
768	933	It has title of mmexport1512464923705	2438	other
769	934	It has title of Silk Workers	2439	other
770	940	It has title of Vase details, Humble Administrator Garden - Suzhou, Garden	2445	other
771	941	It has tags of china, dragon, vase, suzhou, garden	2445	other
772	951	It has tags of hangzhou, china	2458	other
773	953	It has tags of hangzhou, china	2459	other
774	955	It has tags of china, hangzhou	2460	other
775	957	It has tags of hangzhou, china	2461	other
776	959	It has tags of hangzhou, china	2462	other
777	961	It has tags of hangzhou, china	2463	other
778	963	It has tags of hangzhou, china	2464	other
779	965	It has tags of hangzhou, china	2465	other
780	967	It has tags of hangzhou, china	2466	other
781	969	It has tags of hangzhou, china	2467	other
782	971	It has tags of hangzhou, china	2468	other
783	973	It has tags of hangzhou, china	2469	other
784	975	It has tags of hangzhou, china	2470	other
785	977	It has tags of china, hangzhou	2471	other
786	1025	Suzhou Shu China	2738	other
787	1026	It has title of Barber	2738	other
788	1027	It has title of Suzhou Shu	2739	other
789	1028	It has title of Walkway	2740	other
790	1099	It has tags of center, central, china, jiangsu, plaza, square, suzhou, peoplesrepublicofchina	2858	other
791	1101	It has tags of center, central, china, jiangsu, plaza, square, suzhou, peoplesrepublicofchina	2859	other
792	1104	It has tags of center, central, china, jiangsu, plaza, square, suzhou, peoplesrepublicofchina	2861	other
793	1106	It has tags of center, central, china, jiangsu, plaza, square, suzhou, peoplesrepublicofchina	2862	other
794	1137	It has tags of china, jiangsu, pingjiang, suzhou, peoplesrepublicofchina	2893	other
795	1145	It has tags of china, jiangsu, jinji, lake, suzhou, peoplesrepublicofchina	2900	other
796	1147	It has tags of china, jiangsu, jinji, lake, suzhou, peoplesrepublicofchina	2901	other
797	1154	It has tags of center, central, china, jiangsu, plaza, square, suzhou, peoplesrepublicofchina	2907	other
798	1156	It has tags of center, central, china, jiangsu, plaza, square, suzhou, peoplesrepublicofchina	2908	other
799	1159	It has tags of arts, centre, china, culture, jiangsu, suzhou, peoplesrepublicofchina	2910	other
800	1162	It has tags of arts, centre, china, culture, jiangsu, suzhou, peoplesrepublicofchina	2912	other
801	1172	It has tags of china, jiangsu, jinji, lake, suzhou, peoplesrepublicofchina	2921	other
802	1173	Battle of Peitsang 05	2941	other
803	1174	It has tags of news, china, war	2941	other
804	1196	2018 Nov Nanjing Jiangsu China	3055	other
805	1198	It has tags of china, jiangsu	3055	other
806	1199	2018 Nov Nanjing Jiangsu China	3056	other
807	1201	It has tags of china, jiangsu	3056	other
808	1245	It has tags of china, shanghai, sony	3108	other
809	1247	It has tags of china, shanghai, sony	3109	other
810	1249	It has tags of china, shanghai, sony	3110	other
811	1250	It has title of Freshmeat	3131	other
812	1251	It has title of Fireball	3139	other
813	1252	It has tags of chinasuzhou	3139	other
814	1253	It has tags of red	3162	other
815	1254	It has tags of china, suzhou	3171	other
816	1255	It has tags of china, suzhou	3172	other
817	1256	It has tags of china, suzhou	3173	other
818	1257	It has tags of china, suzhou	3174	other
819	1258	It has tags of china, suzhou	3175	other
820	1259	It has tags of china, suzhou	3176	other
821	1260	It has tags of china, suzhou	3177	other
822	1261	It has tags of china, suzhou	3178	other
823	1262	It has tags of china, suzhou	3179	other
824	1263	It has tags of china, suzhou	3180	other
825	1264	It has tags of china, suzhou	3181	other
826	1265	It has tags of china, suzhou	3182	other
827	1266	It has tags of china, suzhou	3183	other
828	1267	It has tags of china, suzhou	3184	other
829	1268	It has tags of china, suzhou	3185	other
830	1269	It has tags of china, suzhou	3186	other
831	1270	It has tags of china, suzhou	3187	other
832	1271	It has tags of china, suzhou	3188	other
833	1272	It has tags of china, suzhou	3189	other
834	1273	It has tags of china, suzhou	3190	other
835	1277	It has tags of suzhou, china, masterofnetsgarden	3254	other
836	1282	It has tags of suzhou, china, masterofnetsgarden	3258	other
837	1284	It has tags of suzhou, china, masterofnetsgarden	3259	other
838	1286	It has tags of suzhou, china, masterofnetsgarden	3260	other
839	1289	It has tags of suzhou, china, masterofnetsgarden	3262	other
840	1292	It has tags of suzhou, china, masterofnetsgarden	3264	other
841	1297	It has tags of suzhou, china, masterofnetsgarden	3268	other
842	1299	It has tags of suzhou, china, masterofnetsgarden	3269	other
843	1304	It has tags of suzhou, china, masterofnetsgarden	3273	other
844	1306	It has tags of suzhou, china, humble, administrator, garden	3274	other
845	1308	It has tags of suzhou, china, humble, administrator, garden	3275	other
846	1310	It has tags of suzhou, china, humble, administrator, garden	3276	other
847	1312	It has tags of suzhou, china, humble, administrator, garden	3277	other
848	1314	It has tags of suzhou, china	3278	other
849	1322	It has tags of china, places	3314	other
850	1324	It has tags of china, places	3315	other
851	1327	It has tags of suzhou, china, masterofnetsgarden	3319	other
852	1329	It has tags of suzhou, china, masterofnetsgarden	3320	other
853	1331	It has tags of suzhou, china, masterofnetsgarden	3321	other
854	1333	It has tags of suzhou, china, masterofnetsgarden	3322	other
855	1335	It has tags of suzhou, china, humble, administrator, garden	3323	other
856	1377	It has tags of suzhou, jiangsu, jiangnan, china, xt, fuji, fujifilm, fujifilmxf	3369	other
857	1378	It has tags of suzhou, jiangsu, jiangnan, china, xt, fuji, fujifilm, fujifilmxf	3370	other
858	1379	It has tags of suzhou, jiangsu, jiangnan, china, xt, fuji, fujifilm, fuji	3371	other
859	1380	It has tags of suzhou, jiangsu, jiangnan, china, xt, fuji, fujifilm, fujifilmxf	3373	other
860	1383	It has tags of hangzhou, china	3415	other
861	1385	It has tags of hangzhou, china	3416	other
862	1403	It has title of Suzhou day1	3446	other
863	1404	It has title of barber, Suzhou	3448	other
864	1405	It has tags of china, jiangsu, suzhou, zh, barber, cn	3448	other
865	1406	It has title of barber, Suzhou	3449	other
866	1407	It has title of Changmen gate, Suzhou	3450	other
867	1408	It has tags of china, jiangsu, suzhou, zh, gate, cn	3450	other
868	1409	It has title of pagoda, Suzhou	3451	other
869	1410	It has tags of china, jiangsu, suzhou, zh, pagoda, cn	3451	other
870	1411	It has title of Suzhou	3452	other
871	1412	It has tags of china, jiangsu, suzhou, zh, skyline, cn	3452	other
872	1442	It has title of Xuanmiao temple, Suzhou	3484	other
873	1443	It has tags of china, jiangsu, suzhou, zh, temple, cn	3484	other
874	1444	Ieoh Ming Pei, 2006	3485	other
875	1445	It has title of Suzhou museum	3485	other
876	1446	Ieoh Ming Pei, 2006	3486	other
877	1447	It has title of Suzhou museum	3486	other
878	1448	It has title of Zhuozheng yuan, Suzhou	3487	other
879	1449	It has tags of china, jiangsu, suzhou, zh, cn	3487	other
880	1450	Ieoh Ming Pei, 2006	3488	other
881	1451	It has title of Suzhou museum	3488	other
882	1452	It has title of Zhuozheng yuan, Suzhou	3489	other
883	1453	It has tags of china, jiangsu, suzhou, zh, garden, tree, cn	3489	other
884	1454	It has title of Zhuozheng yuan, Suzhou	3490	other
885	1455	It has title of Zhuozheng yuan, Suzhou	3491	other
886	1456	It has title of Zhuozheng yuan, Suzhou	3492	other
887	1457	It has tags of china, jiangsu, suzhou, zh, garden, pond, cn	3492	other
888	1458	It has title of Zhuozheng yuan, Suzhou	3493	other
889	1461	It has tags of china	3563	other
890	1463	It has tags of suzhoushi, jiangsusheng, china, cn	3564	other
891	1465	It has tags of suzhoushi, jiangsusheng, china, cn	3565	other
892	1467	It has tags of suzhoushi, jiangsusheng, china, cn	3566	other
893	1469	It has tags of suzhoushi, jiangsusheng, china, cn	3568	other
894	1471	It has tags of suzhoushi, jiangsusheng, china, cn	3569	other
895	1473	It has tags of suzhoushi, jiangsusheng, china, cn	3570	other
896	1475	It has tags of suzhoushi, jiangsusheng, china, cn	3571	other
897	1477	It has tags of suzhoushi, jiangsusheng, china, cn	3572	other
898	1479	It has tags of suzhoushi, jiangsusheng, china, cn	3573	other
899	1481	It has tags of suzhoushi, jiangsusheng, china, cn	3574	other
900	1483	It has tags of suzhoushi, jiangsusheng, china, cn	3575	other
901	1485	It has tags of suzhoushi, jiangsusheng, china, cn	3576	other
902	1487	It has tags of suzhoushi, jiangsusheng, china, cn	3577	other
903	1489	It has tags of suzhoushi, jiangsusheng, china, cn	3578	other
904	1510	2018 Nov Nanjing Jiangsu China	3643	other
905	1512	It has tags of china, jiangsu	3643	other
906	1513	2018 Nov Nanjing Jiangsu China	3644	other
907	1515	It has tags of china, jiangsu	3644	other
908	1550	It has tags of china, shanghai, sony	3680	other
909	1551	It has tags of china, suzhou	3692	other
910	1554	It has tags of suzhou, jeans, china	3700	other
911	1555	It has tags of suzhou, jeans, china	3701	other
912	1556	It has tags of suzhou, jeans, china	3702	other
913	1557	It has tags of suzhou, jeans, china	3703	other
914	1558	It has tags of suzhou, jeans, china	3704	other
915	1559	It has tags of suzhou, jeans, china	3705	other
916	1560	It has tags of suzhou, jeans, china	3706	other
917	1573	It has tags of china, places	3814	other
918	1576	It has tags of china, places	3816	other
919	1578	It has tags of china, places	3817	other
920	1580	It has tags of china, places	3818	other
921	1582	It has tags of china, places	3819	other
922	1584	It has tags of china, places	3820	other
923	1586	It has tags of china, places	3821	other
924	1588	It has tags of china, places	3822	other
925	1590	It has tags of china, places	3823	other
926	1592	It has tags of china, places	3824	other
927	1594	It has tags of china, places	3825	other
928	1596	It has tags of china, places	3826	other
929	1598	It has tags of china, places	3827	other
930	1600	It has tags of china, places	3828	other
931	1602	It has tags of china, places	3829	other
932	1604	It has tags of china, places	3830	other
933	1606	It has tags of china, places	3831	other
934	1608	It has tags of china, places	3832	other
935	1610	It has tags of china, places	3833	other
936	1612	It has tags of china, places	3834	other
937	1614	It has tags of china, places	3835	other
938	1616	It has tags of china, places	3836	other
939	1618	It has tags of china, places	3837	other
940	1620	It has tags of china, places	3838	other
941	1622	It has tags of china, places	3839	other
942	1624	It has tags of china, places	3840	other
943	1626	It has tags of china, places	3841	other
944	1628	It has tags of china, places	3842	other
945	1630	It has tags of china, places	3843	other
946	1632	It has tags of china, places	3844	other
947	1634	It has tags of china, places	3845	other
948	1636	It has tags of china, places	3846	other
949	1638	It has tags of china, places	3847	other
950	1640	It has tags of china, places	3848	other
951	1642	It has tags of china, places	3849	other
952	1644	It has tags of china, places	3850	other
953	1646	It has tags of china, places	3863	other
954	1648	It has tags of china, places	3864	other
955	1670	It has tags of suzhou, china, gardens	3902	other
956	1671	It has tags of suzhou, china	3918	other
957	1675	It has title of Emptiness	4013	other
958	1676	It has title of Suzhou 7	4014	other
959	1677	It has title of Suzhou 5	4015	other
960	1678	It has title of Suzhou 3	4016	other
961	1679	It has title of Suzhou 2	4017	other
962	1680	It has title of Suzhou 1	4018	other
963	1682	It has tags of center, central, china, jiangsu, plaza, square, suzhou, peoplesrepublicofchina	4019	other
964	1685	It has tags of center, central, china, jiangsu, plaza, square, suzhou, peoplesrepublicofchina	4021	other
965	1712	It has tags of china, places	4055	other
966	1714	It has tags of china, places	4056	other
967	1716	It has tags of china, places	4057	other
968	1718	It has tags of china, places	4058	other
969	1720	It has tags of china, places	4059	other
970	1722	It has tags of china, places	4060	other
971	1724	It has tags of china, places	4061	other
972	1726	It has tags of china, places	4062	other
973	1728	It has tags of china, places	4063	other
974	1730	It has tags of china, places	4064	other
975	1732	It has tags of china, places	4065	other
976	1742	It has tags of china, places	4078	other
977	1744	It has tags of china, places	4079	other
978	1748	It has tags of china, places	4082	other
979	1761	It has tags of suzhoushi, jiangsusheng, china, cn	4116	other
980	1763	It has tags of suzhoushi, jiangsusheng, china, cn	4117	other
981	1764	Canglang Pavilion 20171120 adam0730	4129	other
982	1773	It has tags of chinasuzhou	4139	other
983	1774	It has tags of cinasuzhouautumn	4140	other
